REDDIT-MULTI-12K	superlevel	14933.748447656631	178.78273797035217	0.04274937133277452	0.5	2	True	[  0   0   0   0 148   0   0   0   0   0   0   0   0   0   0 214   0   0
   0   0   0   0   0   0   0   0 163   0   0   0   0   0   0   0   0   0
   0 225   0   0   0   0   0   0   0   0   0   0 102   0   0   0   0   0
   0   0   0   0   0 216   0   0   0   0   0   0   0   0   0   0 253   0
   0   0   0   0   0   0   0   0   0 217   0   0   0   0   0   0   0   0
   0   0 116   0   0   0   0   0   0   0   0   0   0 523   0   0   0   0
   0   0   0   0   0   0 209   0   0   0   0   0   0]
REDDIT-MULTI-12K	superlevel	14881.149097442627	169.7574188709259	0.04274937133277452	0.5	2	True	[  0   0   0   0 148   0   0   0   0   0   0   0   0   0   0 214   0   0
   0   0   0   0   0   0   0   0 163   0   0   0   0   0   0   0   0   0
   0 225   0   0   0   0   0   0   0   0   0   0 102   0   0   0   0   0
   0   0   0   0   0 216   0   0   0   0   0   0   0   0   0   0 253   0
   0   0   0   0   0   0   0   0   0 217   0   0   0   0   0   0   0   0
   0   0 116   0   0   0   0   0   0   0   0   0   0 523   0   0   0   0
   0   0   0   0   0   0 209   0   0   0   0   0   0]
REDDIT-MULTI-12K	superlevel	14872.526317834854	166.892493724823	0.04274937133277452	0.5	2	True	[  0   0   0   0 148   0   0   0   0   0   0   0   0   0   0 214   0   0
   0   0   0   0   0   0   0   0 163   0   0   0   0   0   0   0   0   0
   0 225   0   0   0   0   0   0   0   0   0   0 102   0   0   0   0   0
   0   0   0   0   0 216   0   0   0   0   0   0   0   0   0   0 253   0
   0   0   0   0   0   0   0   0   0 217   0   0   0   0   0   0   0   0
   0   0 116   0   0   0   0   0   0   0   0   0   0 523   0   0   0   0
   0   0   0   0   0   0 209   0   0   0   0   0   0]
REDDIT-MULTI-12K	superlevel	14880.914322853088	166.93374872207642	0.04274937133277452	0.5	2	True	[  0   0   0   0 148   0   0   0   0   0   0   0   0   0   0 214   0   0
   0   0   0   0   0   0   0   0 163   0   0   0   0   0   0   0   0   0
   0 225   0   0   0   0   0   0   0   0   0   0 102   0   0   0   0   0
   0   0   0   0   0 216   0   0   0   0   0   0   0   0   0   0 253   0
   0   0   0   0   0   0   0   0   0 217   0   0   0   0   0   0   0   0
   0   0 116   0   0   0   0   0   0   0   0   0   0 523   0   0   0   0
   0   0   0   0   0   0 209   0   0   0   0   0   0]
REDDIT-MULTI-12K	superlevel	14881.142648220062	165.9249758720398	0.04274937133277452	0.5	2	True	[  0   0   0   0 148   0   0   0   0   0   0   0   0   0   0 214   0   0
   0   0   0   0   0   0   0   0 163   0   0   0   0   0   0   0   0   0
   0 225   0   0   0   0   0   0   0   0   0   0 102   0   0   0   0   0
   0   0   0   0   0 216   0   0   0   0   0   0   0   0   0   0 253   0
   0   0   0   0   0   0   0   0   0 217   0   0   0   0   0   0   0   0
   0   0 116   0   0   0   0   0   0   0   0   0   0 523   0   0   0   0
   0   0   0   0   0   0 209   0   0   0   0   0   0]
REDDIT-MULTI-12K	superlevel	14866.919563293457	165.88019847869873	0.04274937133277452	0.5	3	True	[  0   0   0   0 148   0   0   0   0   0   0   0   0   0   0 214   0   0
   0   0   0   0   0   0   0   0 163   0   0   0   0   0   0   0   0   0
   0 225   0   0   0   0   0   0   0   0   0   0 102   0   0   0   0   0
   0   0   0   0   0 216   0   0   0   0   0   0   0   0   0   0 253   0
   0   0   0   0   0   0   0   0   0 217   0   0   0   0   0   0   0   0
   0   0 116   0   0   0   0   0   0   0   0   0   0 523   0   0   0   0
   0   0   0   0   0   0 209   0   0   0   0   0   0]
REDDIT-MULTI-12K	superlevel	14859.995020866394	168.34559845924377	0.04274937133277452	0.5	3	True	[  0   0   0   0 148   0   0   0   0   0   0   0   0   0   0 214   0   0
   0   0   0   0   0   0   0   0 163   0   0   0   0   0   0   0   0   0
   0 225   0   0   0   0   0   0   0   0   0   0 102   0   0   0   0   0
   0   0   0   0   0 216   0   0   0   0   0   0   0   0   0   0 253   0
   0   0   0   0   0   0   0   0   0 217   0   0   0   0   0   0   0   0
   0   0 116   0   0   0   0   0   0   0   0   0   0 523   0   0   0   0
   0   0   0   0   0   0 209   0   0   0   0   0   0]
REDDIT-MULTI-12K	superlevel	14851.78806734085	167.94943022727966	0.04274937133277452	0.5	3	True	[  0   0   0   0 148   0   0   0   0   0   0   0   0   0   0 214   0   0
   0   0   0   0   0   0   0   0 163   0   0   0   0   0   0   0   0   0
   0 225   0   0   0   0   0   0   0   0   0   0 102   0   0   0   0   0
   0   0   0   0   0 216   0   0   0   0   0   0   0   0   0   0 253   0
   0   0   0   0   0   0   0   0   0 217   0   0   0   0   0   0   0   0
   0   0 116   0   0   0   0   0   0   0   0   0   0 523   0   0   0   0
   0   0   0   0   0   0 209   0   0   0   0   0   0]
REDDIT-MULTI-12K	superlevel	14942.483877420425	169.4488091468811	0.04274937133277452	0.5	3	True	[  0   0   0   0 148   0   0   0   0   0   0   0   0   0   0 214   0   0
   0   0   0   0   0   0   0   0 163   0   0   0   0   0   0   0   0   0
   0 225   0   0   0   0   0   0   0   0   0   0 102   0   0   0   0   0
   0   0   0   0   0 216   0   0   0   0   0   0   0   0   0   0 253   0
   0   0   0   0   0   0   0   0   0 217   0   0   0   0   0   0   0   0
   0   0 116   0   0   0   0   0   0   0   0   0   0 523   0   0   0   0
   0   0   0   0   0   0 209   0   0   0   0   0   0]
REDDIT-MULTI-12K	superlevel	14929.469599723816	172.01700687408447	0.04274937133277452	0.5	3	True	[  0   0   0   0 148   0   0   0   0   0   0   0   0   0   0 214   0   0
   0   0   0   0   0   0   0   0 163   0   0   0   0   0   0   0   0   0
   0 225   0   0   0   0   0   0   0   0   0   0 102   0   0   0   0   0
   0   0   0   0   0 216   0   0   0   0   0   0   0   0   0   0 253   0
   0   0   0   0   0   0   0   0   0 217   0   0   0   0   0   0   0   0
   0   0 116   0   0   0   0   0   0   0   0   0   0 523   0   0   0   0
   0   0   0   0   0   0 209   0   0   0   0   0   0]
REDDIT-MULTI-12K	superlevel	14878.096605062485	171.47552752494812	0.04274937133277452	0.5	4	True	[  0   0   0   0 148   0   0   0   0   0   0   0   0   0   0 214   0   0
   0   0   0   0   0   0   0   0 163   0   0   0   0   0   0   0   0   0
   0 225   0   0   0   0   0   0   0   0   0   0 102   0   0   0   0   0
   0   0   0   0   0 216   0   0   0   0   0   0   0   0   0   0 253   0
   0   0   0   0   0   0   0   0   0 217   0   0   0   0   0   0   0   0
   0   0 116   0   0   0   0   0   0   0   0   0   0 523   0   0   0   0
   0   0   0   0   0   0 209   0   0   0   0   0   0]
REDDIT-MULTI-12K	superlevel	14954.607558965683	164.5552158355713	0.04274937133277452	0.5	4	True	[  0   0   0   0 148   0   0   0   0   0   0   0   0   0   0 214   0   0
   0   0   0   0   0   0   0   0 163   0   0   0   0   0   0   0   0   0
   0 225   0   0   0   0   0   0   0   0   0   0 102   0   0   0   0   0
   0   0   0   0   0 216   0   0   0   0   0   0   0   0   0   0 253   0
   0   0   0   0   0   0   0   0   0 217   0   0   0   0   0   0   0   0
   0   0 116   0   0   0   0   0   0   0   0   0   0 523   0   0   0   0
   0   0   0   0   0   0 209   0   0   0   0   0   0]
REDDIT-MULTI-12K	superlevel	14877.563264369965	163.36209726333618	0.04274937133277452	0.5	4	True	[  0   0   0   0 148   0   0   0   0   0   0   0   0   0   0 214   0   0
   0   0   0   0   0   0   0   0 163   0   0   0   0   0   0   0   0   0
   0 225   0   0   0   0   0   0   0   0   0   0 102   0   0   0   0   0
   0   0   0   0   0 216   0   0   0   0   0   0   0   0   0   0 253   0
   0   0   0   0   0   0   0   0   0 217   0   0   0   0   0   0   0   0
   0   0 116   0   0   0   0   0   0   0   0   0   0 523   0   0   0   0
   0   0   0   0   0   0 209   0   0   0   0   0   0]
REDDIT-MULTI-12K	superlevel	14931.697235822678	170.78535342216492	0.04274937133277452	0.5	4	True	[  0   0   0   0 148   0   0   0   0   0   0   0   0   0   0 214   0   0
   0   0   0   0   0   0   0   0 163   0   0   0   0   0   0   0   0   0
   0 225   0   0   0   0   0   0   0   0   0   0 102   0   0   0   0   0
   0   0   0   0   0 216   0   0   0   0   0   0   0   0   0   0 253   0
   0   0   0   0   0   0   0   0   0 217   0   0   0   0   0   0   0   0
   0   0 116   0   0   0   0   0   0   0   0   0   0 523   0   0   0   0
   0   0   0   0   0   0 209   0   0   0   0   0   0]
